{"accuracy": [0.6161177754402161, 0.8647698760032654, 0.9171206951141357, 0.9427697658538818, 0.9561988711357117, 0.9652606844902039, 0.9725584983825684, 0.9762145280838013, 0.9785902500152588, 0.9829006195068359], "loss": [1.2951571941375732, 0.4310133159160614, 0.25761160254478455, 0.1760147362947464, 0.1318996101617813, 0.10561317950487137, 0.08400380611419678, 0.0733230859041214, 0.06287051737308502, 0.05447308346629143], "val_accuracy": [0.8462326526641846, 0.8983041048049927, 0.943261981010437, 0.9520828723907471, 0.9476439952850342, 0.9502048492431641, 0.9599931836128235, 0.9594240784645081, 0.9689847230911255, 0.9673343896865845], "val_loss": [0.49460873007774353, 0.32670170068740845, 0.17634990811347961, 0.14441171288490295, 0.16970205307006836, 0.16356520354747772, 0.12766043841838837, 0.1337735503911972, 0.10505848377943039, 0.1111128181219101]}